"Id","Prediction"
1264,3
1265,5
1266,2
1267,5
1268,5
1269,2
1270,1
1271,4
1272,5
1273,3
1274,5
1275,2
1276,2
1277,2
1278,3
1279,5
1280,4
1281,3
1282,4
1283,1
1284,4
1285,1
1286,3
1287,4
1288,5
1289,5
1290,1
1291,4
1292,4
1293,2
1294,5
1295,2
1296,1
1297,5
1298,3
1299,3
1300,2
1301,3
1302,4
1303,3
1304,4
1305,4
1306,5
1307,4
1308,2
1309,5
1310,4
1311,2
1312,4
1313,5
1314,5
1315,4
1316,2
1317,1
1318,1
1319,4
1320,4
1321,3
1322,1
1323,2
1324,2
1325,3
1326,6
1327,2
1328,2
1329,1
1330,1
1331,5
1332,2
1333,5
1334,3
1335,1
1336,1
1337,3
1338,5
1339,2
1340,5
1341,1
1342,3
1343,6
1344,4
1345,4
1346,4
1347,4
1348,5
1349,2
1350,3
1351,4
1352,3
1353,4
1354,4
1355,4
1356,4
1357,2
1358,1
1359,2
1360,4
1361,1
1362,1
1363,4
1364,4
1365,4
1366,1
1367,2
1368,4
1369,5
1370,5
1371,4
1372,4
1373,4
1374,1
1375,1
1376,1
1377,1
1378,2
1379,3
1380,3
1381,4
1382,4
1383,5
1384,4
1385,5
1386,3
1387,3
1388,2
1389,3
1390,3
1391,3
1392,4
1393,5
1394,5
1395,2
1396,4
1397,5
1398,1
1399,1
1400,5
1401,5
1402,2
1403,4
1404,5
1405,3
1406,3
1407,3
1408,4
1409,1
1410,5
1411,6
1412,4
1413,4
1414,1
1415,1
1416,5
1417,2
1418,4
1419,3
1420,2
1421,1
1422,2
1423,5
1424,1
1425,6
1426,5
1427,4
1428,1
1429,3
1430,2
1431,2
1432,2
1433,4
1434,1
1435,2
1436,4
1437,5
1438,3
1439,4
1440,3
1441,4
1442,5
1443,2
1444,2
1445,3
1446,3
1447,4
1448,4
1449,5
1450,1
1451,1
1452,4
1453,5
1454,4
1455,5
1456,4
1457,3
1458,3
1459,6
1460,3
1461,4
1462,4
1463,1
1464,2
1465,4
1466,2
1467,1
1468,1
1469,3
1470,3
1471,3
1472,2
1473,5
1474,6
1475,4
1476,3
1477,4
1478,4
1479,4
1480,2
1481,4
1482,1
1483,4
1484,2
1485,4
1486,3
1487,2
1488,1
1489,1
1490,2
1491,6
1492,5
1493,3
1494,5
1495,4
1496,1
1497,2
1498,4
1499,6
1500,5
1501,1
1502,3
1503,1
1504,5
1505,5
1506,5
1507,3
1508,3
1509,6
1510,3
1511,4
1512,2
1513,2
1514,2
1515,5
1516,1
1517,2
1518,3
1519,4
1520,1
1521,4
1522,2
1523,4
1524,2
1525,4
1526,3
1527,1
1528,4
1529,2
1530,6
1531,3
1532,1
1533,4
1534,1
1535,3
1536,4
1537,2
1538,4
1539,5
1540,3
1541,2
1542,2
1543,3
1544,2
1545,4
1546,4
1547,6
1548,2
1549,3
1550,5
1551,2
1552,4
1553,3
1554,4
1555,1
1556,2
1557,4
1558,6
1559,4
1560,4
1561,1
1562,4
1563,5
1564,5
1565,5
1566,1
1567,3
1568,3
1569,3
1570,2
1571,4
1572,4
1573,4
1574,1
1575,1
1576,5
1577,1
1578,5
1579,3
1580,4
1581,3
1582,4
1583,5
1584,2
1585,2
1586,4
1587,1
1588,2
1589,1
1590,3
1591,4
1592,2
1593,6
1594,6
1595,4
1596,1
1597,3
1598,3
1599,5
1600,4
1601,1
1602,1
1603,4
1604,6
1605,1
1606,4
1607,2
1608,1
1609,4
1610,3
1611,2
1612,2
1613,3
1614,4
1615,4
1616,1
1617,4
1618,3
1619,4
1620,4
1621,4
1622,2
1623,4
1624,3
1625,2
1626,1
1627,3
1628,3
1629,3
1630,4
1631,3
1632,4
1633,4
1634,3
1635,1
1636,2
1637,3
1638,2
1639,5
1640,3
1641,4
1642,5
1643,3
1644,4
1645,4
1646,2
1647,5
1648,3
1649,3
1650,5
1651,4
1652,2
1653,3
1654,2
1655,4
1656,2
1657,1
1658,5
1659,1
1660,3
1661,5
1662,4
1663,6
1664,4
1665,1
1666,5
1667,5
1668,5
1669,2
1670,2
1671,5
1672,2
1673,4
1674,4
1675,5
1676,3
1677,2
1678,5
1679,5
1680,3
1681,2
1682,3
1683,4
1684,1
1685,2
1686,3
1687,5
1688,4
1689,1
1690,3
1691,3
1692,3
1693,5
1694,5
1695,1
1696,3
1697,5
1698,1
1699,5
1700,4
1701,1
1702,4
1703,1
1704,2
1705,5
1706,2
1707,5
1708,3
1709,2
1710,4
1711,2
1712,2
1713,5
1714,2
1715,4
1716,3
1717,5
1718,4
1719,3
1720,1
1721,5
1722,4
1723,5
1724,4
1725,5
1726,4
1727,5
1728,4
1729,3
1730,2
1731,5
1732,4
1733,3
1734,2
1735,4
1736,2
1737,2
1738,1
1739,3
1740,4
1741,4
1742,4
1743,2
1744,5
1745,4
1746,2
1747,4
1748,5
1749,3
1750,2
1751,6
1752,2
1753,4
1754,5
1755,3
1756,1
1757,4
1758,5
1759,3
1760,4
1761,5
1762,5
1763,6
1764,1
1765,4
1766,4
1767,1
1768,5
1769,1
1770,4
1771,2
1772,1
1773,5
1774,5
1775,5
1776,1
1777,5
1778,1
1779,3
1780,3
1781,4
1782,4
1783,4
1784,4
1785,3
1786,4
1787,3
1788,1
1789,5
1790,2
1791,2
1792,4
1793,5
1794,3
1795,3
1796,6
1797,2
1798,4
1799,6
1800,1
1801,3
1802,4
1803,4
1804,3
1805,3
1806,3
1807,3
1808,4
1809,5
1810,3
1811,5
1812,3
1813,4
1814,4
1815,3
1816,1
1817,4
1818,1
1819,2
1820,1
1821,1
1822,2
1823,5
1824,4
1825,4
1826,4
1827,3
1828,1
1829,1
1830,2
1831,4
1832,6
1833,4
1834,5
1835,1
1836,3
1837,4
1838,1
1839,5
1840,2
1841,2
1842,4
1843,2
1844,2
1845,1
1846,4
1847,4
1848,2
1849,3
1850,4
1851,3
1852,1
1853,5
1854,4
1855,1
1856,2
1857,5
1858,5
1859,5
1860,3
1861,2
1862,2
1863,2
1864,1
1865,3
1866,4
1867,4
1868,2
1869,4
1870,3
1871,4
1872,1
1873,3
1874,2
1875,1
1876,2
1877,4
1878,2
1879,4
1880,4
1881,5
1882,4
1883,1
1884,4
1885,5
1886,4
1887,6
1888,4
1889,3
1890,2
1891,4
1892,3
1893,3
1894,3
1895,4
1896,1
1897,4
1898,5
1899,3
1900,1
1901,5
1902,4
1903,2
1904,3
1905,4
1906,4
1907,4
1908,4
1909,6
1910,4
1911,5
1912,6
1913,5
1914,4
1915,5
1916,3
1917,1
1918,4
1919,4
1920,3
1921,3
1922,5
1923,3
1924,4
1925,5
1926,4
1927,6
1928,3
1929,4
1930,4
1931,4
1932,1
1933,1
1934,4
1935,5
1936,1
1937,4
1938,5
1939,2
1940,2
1941,4
1942,5
1943,1
1944,2
1945,4
1946,2
1947,6
1948,4
1949,3
1950,4
1951,5
1952,1
1953,3
1954,6
1955,4
1956,5
1957,2
1958,2
1959,3
1960,1
1961,2
1962,1
1963,3
1964,3
1965,1
1966,2
1967,4
1968,3
1969,1
1970,5
1971,4
1972,5
1973,4
1974,4
1975,1
1976,6
1977,2
1978,1
1979,2
1980,4
1981,5
1982,5
1983,4
1984,5
1985,4
1986,5
1987,1
1988,3
1989,5
1990,1
1991,5
1992,1
1993,1
1994,1
1995,1
1996,4
1997,4
1998,5
1999,2
2000,3
2001,4
2002,1
2003,6
2004,3
2005,2
2006,4
2007,5
2008,4
2009,4
2010,2
2011,1
2012,1
2013,2
2014,4
2015,4
2016,3
2017,1
2018,1
2019,1
2020,2
2021,5
2022,2
2023,5
2024,4
2025,4
2026,4
2027,3
2028,5
2029,5
2030,5
2031,1
2032,6
2033,4
2034,4
2035,1
2036,2
2037,2
2038,1
2039,1
2040,4
2041,4
2042,2
2043,5
2044,3
2045,2
2046,5
2047,3
2048,3
2049,2
2050,2
2051,1
2052,4
2053,3
2054,5
2055,4
2056,1
2057,4
2058,1
2059,4
2060,5
2061,4
2062,3
2063,4
2064,4
2065,3
2066,1
2067,2
2068,1
2069,3
2070,2
2071,4
2072,1
2073,2
2074,1
2075,6
2076,3
2077,5
2078,2
2079,2
2080,2
2081,4
2082,4
2083,5
2084,5
2085,5
2086,5
2087,4
2088,5
2089,4
2090,5
2091,6
2092,2
2093,1
2094,5
2095,1
2096,2
2097,2
2098,5
2099,6
2100,3
2101,5
2102,2
2103,4
2104,3
2105,2
2106,4
2107,4
2108,3
2109,1
2110,3
2111,4
2112,2
2113,2
2114,3
2115,5
2116,4
2117,5
2118,5
2119,3
2120,4
2121,3
2122,2
2123,3
2124,3
2125,2
2126,4
2127,4
2128,1
2129,1
2130,2
2131,2
2132,3
2133,3
2134,4
2135,4
2136,2
2137,1
2138,4
2139,2
2140,3
2141,4
2142,6
2143,2
2144,5
2145,4
2146,3
2147,4
2148,4
2149,3
2150,2
2151,1
2152,4
2153,3
2154,2
2155,2
2156,3
2157,2
2158,2
2159,5
2160,2
2161,5
2162,1
2163,2
2164,4
2165,5
2166,1
2167,5
2168,2
2169,2
2170,4
2171,3
2172,2
2173,1
2174,1
2175,1
2176,3
2177,5
2178,2
2179,1
2180,2
2181,4
2182,3
2183,3
2184,1
2185,1
2186,3
2187,5
2188,4
2189,2
2190,3
2191,3
2192,3
2193,1
2194,4
2195,5
2196,4
2197,4
2198,6
2199,4
2200,1
2201,3
2202,5
2203,3
2204,1
2205,3
2206,2
2207,6
2208,3
2209,4
2210,1
2211,3
2212,2
2213,2
2214,1
2215,3
2216,3
2217,5
2218,1
2219,2
2220,5
2221,1
2222,4
2223,3
2224,1
2225,5
2226,4
2227,4
2228,2
2229,3
2230,4
2231,2
2232,6
2233,2
2234,4
2235,2
2236,1
2237,2
2238,1
2239,2
2240,2
2241,5
2242,5
2243,1
2244,3
2245,5
2246,3
2247,2
2248,4
2249,4
2250,4
2251,3
2252,5
2253,3
2254,3
2255,5
2256,2
2257,5
2258,4
2259,2
2260,4
2261,1
2262,3
2263,4
2264,3
2265,4
2266,2
2267,3
2268,2
2269,3
2270,4
2271,4
2272,2
2273,3
2274,3
2275,3
2276,3
2277,4
2278,2
2279,5
2280,4
2281,4
2282,3
2283,3
2284,6
2285,1
2286,5
2287,5
2288,4
2289,1
2290,6
2291,5
2292,4
2293,1
2294,4
2295,5
2296,5
2297,2
2298,3
2299,1
2300,2
2301,2
2302,4
2303,5
2304,4
2305,1
2306,3
2307,3
2308,4
2309,2
2310,1
2311,5
2312,2
2313,4
2314,2
2315,2
2316,2
2317,3
2318,6
2319,5
2320,4
2321,3
2322,2
2323,1
2324,2
2325,1
2326,5
2327,2
2328,1
2329,6
2330,4
2331,2
2332,1
2333,3
2334,5
2335,4
2336,1
2337,4
2338,1
2339,1
2340,5
2341,4
2342,3
2343,1
2344,2
2345,4
2346,1
2347,4
2348,5
2349,4
2350,2
2351,3
2352,3
2353,1
2354,3
2355,5
2356,2
2357,4
2358,5
2359,1
2360,2
2361,2
2362,1
2363,4
2364,2
2365,4
2366,4
2367,5
2368,1
2369,2
2370,3
2371,4
2372,3
2373,2
2374,4
2375,1
2376,4
2377,2
2378,5
2379,2
2380,4
2381,4
2382,1
2383,4
2384,3
2385,4
2386,4
2387,4
2388,2
2389,4
2390,1
2391,3
2392,4
2393,1
2394,4
2395,5
2396,5
2397,3
2398,4
2399,4
2400,1
2401,5
2402,5
2403,1
2404,6
2405,1
2406,3
2407,3
2408,4
2409,3
2410,4
2411,5
2412,2
2413,4
2414,2
2415,4
2416,3
2417,2
2418,2
2419,1
2420,5
2421,5
2422,4
2423,4
2424,3
2425,3
2426,4
2427,4
2428,1
2429,2
2430,4
2431,5
2432,4
2433,1
2434,2
2435,1
2436,2
2437,2
2438,1
2439,2
2440,3
2441,5
2442,5
2443,3
2444,5
2445,1
2446,1
2447,3
2448,4
2449,4
2450,2
2451,4
2452,3
2453,1
2454,3
2455,5
2456,5
2457,3
2458,1
2459,1
2460,4
2461,2
2462,6
2463,5
2464,5
2465,1
2466,4
2467,4
2468,5
2469,4
2470,1
2471,2
2472,1
2473,3
2474,2
2475,5
2476,4
2477,4
2478,2
2479,4
2480,5
2481,5
2482,1
2483,1
2484,4
2485,1
2486,4
2487,1
2488,4
2489,3
2490,4
2491,5
2492,1
2493,6
2494,4
2495,5
2496,2
2497,4
2498,5
2499,2
2500,2
2501,2
2502,1
2503,5
2504,4
2505,1
2506,2
2507,3
2508,4
2509,6
2510,3
2511,4
2512,1
2513,5
2514,2
2515,5
2516,3
2517,1
2518,4
2519,3
2520,2
2521,3
2522,6
2523,2
2524,4
2525,4
2526,3
2527,2
